kota_normal,produk,7,8,9,10,total
Aceh Barat,Yayle Exypnost 120 ml,103,60,50,55,268
Aceh Barat,Yayle Exypnost 200 ml,77,23,40,29,169
Aceh Barat Daya,Yayle Exypnost 120 ml,73,51,35,40,199
Aceh Barat Daya,Yayle Exypnost 200 ml,78,31,21,27,157
Aceh Besar,Yayle Exypnost 120 ml,99,61,41,50,251
Aceh Besar,Yayle Exypnost 200 ml,99,29,26,60,214
Aceh Jaya,Yayle Exypnost 120 ml,38,26,22,26,112
Aceh Jaya,Yayle Exypnost 200 ml,53,15,9,25,102
Aceh Selatan,Yayle Exypnost 120 ml,88,53,25,25,191
Aceh Selatan,Yayle Exypnost 200 ml,87,35,30,31,183
Aceh Singkil,Yayle Exypnost 120 ml,28,11,18,9,66
Aceh Singkil,Yayle Exypnost 200 ml,33,7,12,3,55
Aceh Tamiang,Yayle Exypnost 120 ml,68,54,26,20,168
Aceh Tamiang,Yayle Exypnost 200 ml,65,22,12,21,120
Aceh Tengah,Yayle Exypnost 120 ml,45,33,23,15,116
Aceh Tengah,Yayle Exypnost 200 ml,47,10,15,18,90
Aceh Tenggara,Yayle Exypnost 200 ml,44,19,10,12,85
Aceh Tenggara,Yayle Exypnost 120 ml,26,15,29,13,83
Aceh Timur,Yayle Exypnost 120 ml,152,93,69,86,400
Aceh Timur,Yayle Exypnost 200 ml,161,70,35,91,357
Aceh Utara,Yayle Exypnost 200 ml,278,116,94,131,619
Aceh Utara,Yayle Exypnost 120 ml,234,124,132,102,592
Agam,Yayle Exypnost 200 ml,95,58,34,41,228
Agam,Yayle Exypnost 120 ml,98,49,36,27,210
Alor,Yayle Exypnost 200 ml,8,0,0,2,10
Alor,Yayle Exypnost 120 ml,5,1,2,0,8
Ambon,Yayle Exypnost 200 ml,27,24,10,6,67
Ambon,Yayle Exypnost 120 ml,26,18,14,4,62
Asahan,Yayle Exypnost 120 ml,117,87,46,38,288
Asahan,Yayle Exypnost 200 ml,118,32,23,39,212
Badung,Yayle Exypnost 120 ml,188,118,94,63,463
Badung,Yayle Exypnost 200 ml,135,84,36,34,289
Balangan,Yayle Exypnost 120 ml,23,8,1,1,33
Balangan,Yayle Exypnost 200 ml,15,4,2,3,24
Balikpapan,Yayle Exypnost 200 ml,223,110,82,47,462
Balikpapan,Yayle Exypnost 120 ml,209,119,74,37,439
Banda Aceh,Yayle Exypnost 200 ml,258,139,56,71,524
Banda Aceh,Yayle Exypnost 120 ml,184,120,69,63,436
Bandar Lampung,Yayle Exypnost 120 ml,160,70,53,27,310
Bandar Lampung,Yayle Exypnost 200 ml,119,61,40,28,248
Bandung,Yayle Exypnost 120 ml,1011,469,321,274,2075
Bandung,Yayle Exypnost 200 ml,428,195,170,108,901
Bandung Barat,Yayle Exypnost 120 ml,509,236,153,122,1020
Bandung Barat,Yayle Exypnost 200 ml,216,102,60,57,435
Banggai,Yayle Exypnost 120 ml,55,42,26,12,135
Banggai,Yayle Exypnost 200 ml,46,16,19,7,88
Banggai Kepulauan,Yayle Exypnost 120 ml,14,9,6,8,37
Banggai Kepulauan,Yayle Exypnost 200 ml,7,4,1,2,14
Banggai Laut,Yayle Exypnost 120 ml,18,4,3,3,28
Banggai Laut,Yayle Exypnost 200 ml,6,3,4,1,14
Bangka,Yayle Exypnost 120 ml,79,35,26,29,169
Bangka,Yayle Exypnost 200 ml,56,17,21,9,103
Bangka Barat,Yayle Exypnost 120 ml,90,40,26,19,175
Bangka Barat,Yayle Exypnost 200 ml,77,16,14,8,115
Bangka Island,Yayle Exypnost 200 ml,0,2,0,0,2
Bangka Selatan,Yayle Exypnost 120 ml,87,43,37,15,182
Bangka Selatan,Yayle Exypnost 200 ml,84,18,17,13,132
Bangka Tengah,Yayle Exypnost 120 ml,53,22,21,15,111
Bangka Tengah,Yayle Exypnost 200 ml,36,15,5,7,63
Bangkalan,Yayle Exypnost 120 ml,283,117,63,73,536
Bangkalan,Yayle Exypnost 200 ml,161,61,60,31,313
Bangli,Yayle Exypnost 120 ml,22,10,10,4,46
Bangli,Yayle Exypnost 200 ml,6,6,3,6,21
Banjar,Yayle Exypnost 120 ml,99,48,26,17,190
Banjar,Yayle Exypnost 200 ml,104,24,20,20,168
Banjarbaru,Yayle Exypnost 120 ml,70,48,15,24,157
Banjarbaru,Yayle Exypnost 200 ml,64,37,16,10,127
Banjarmasin,Yayle Exypnost 120 ml,188,116,45,43,392
Banjarmasin,Yayle Exypnost 200 ml,151,78,36,37,302
Banjarnegara,Yayle Exypnost 120 ml,181,88,92,49,410
Banjarnegara,Yayle Exypnost 200 ml,63,41,45,41,190
Bantaeng,Yayle Exypnost 120 ml,16,8,7,5,36
Bantaeng,Yayle Exypnost 200 ml,21,4,2,1,28
Bantul,Yayle Exypnost 120 ml,182,84,80,130,476
Bantul,Yayle Exypnost 200 ml,88,53,45,57,243
Banyu Asin,Yayle Exypnost 120 ml,35,14,7,6,62
Banyu Asin,Yayle Exypnost 200 ml,30,6,6,6,48
Banyuasin,Yayle Exypnost 120 ml,112,76,50,41,279
Banyuasin,Yayle Exypnost 200 ml,128,36,31,32,227
Banyumas,Yayle Exypnost 120 ml,348,159,123,113,743
Banyumas,Yayle Exypnost 200 ml,165,88,55,66,374
Banyuwangi,Yayle Exypnost 120 ml,390,192,137,106,825
Banyuwangi,Yayle Exypnost 200 ml,198,84,78,54,414
Barito Kuala,Yayle Exypnost 200 ml,52,10,8,8,78
Barito Kuala,Yayle Exypnost 120 ml,25,20,13,6,64
Barito Selatan,Yayle Exypnost 120 ml,42,18,6,11,77
Barito Selatan,Yayle Exypnost 200 ml,22,9,9,9,49
Barito Timur,Yayle Exypnost 120 ml,32,16,11,6,65
Barito Timur,Yayle Exypnost 200 ml,26,14,11,11,62
Barito Utara,Yayle Exypnost 120 ml,32,20,19,12,83
Barito Utara,Yayle Exypnost 200 ml,52,9,7,6,74
Barru,Yayle Exypnost 200 ml,44,10,14,3,71
Barru,Yayle Exypnost 120 ml,24,20,12,3,59
Batam,Yayle Exypnost 200 ml,508,271,162,117,1058
Batam,Yayle Exypnost 120 ml,430,200,141,112,883
Batang,Yayle Exypnost 120 ml,212,105,88,60,465
Batang,Yayle Exypnost 200 ml,78,42,36,34,190
Batang Hari,Yayle Exypnost 120 ml,21,21,10,2,54
Batang Hari,Yayle Exypnost 200 ml,13,5,2,0,20
Batanghari,Yayle Exypnost 120 ml,55,23,20,25,123
Batanghari,Yayle Exypnost 200 ml,37,12,8,14,71
Batu,Yayle Exypnost 120 ml,19,10,13,3,45
Batu,Yayle Exypnost 200 ml,10,5,2,2,19
Batu Bara,Yayle Exypnost 120 ml,63,34,18,22,137
Batu Bara,Yayle Exypnost 200 ml,54,15,15,15,99
Bau Bau,Yayle Exypnost 120 ml,5,14,1,4,24
Bau Bau,Yayle Exypnost 200 ml,6,0,2,3,11
Baubau,Yayle Exypnost 200 ml,16,9,1,1,27
Baubau,Yayle Exypnost 120 ml,3,4,0,3,10
Bekasi,Yayle Exypnost 120 ml,1343,684,526,488,3041
Bekasi,Yayle Exypnost 200 ml,553,342,255,238,1388
Belitung,Yayle Exypnost 120 ml,58,34,11,22,125
Belitung,Yayle Exypnost 200 ml,27,7,12,5,51
Belitung Timur,Yayle Exypnost 120 ml,54,24,8,7,93
Belitung Timur,Yayle Exypnost 200 ml,53,7,10,4,74
Belu,Yayle Exypnost 200 ml,11,3,4,6,24
Belu,Yayle Exypnost 120 ml,6,8,5,2,21
Bener Meriah,Yayle Exypnost 120 ml,47,35,22,27,131
Bener Meriah,Yayle Exypnost 200 ml,47,31,21,19,118
Bengkalis,Yayle Exypnost 120 ml,245,152,73,96,566
Bengkalis,Yayle Exypnost 200 ml,260,77,64,58,459
Bengkayang,Yayle Exypnost 120 ml,29,20,22,21,92
Bengkayang,Yayle Exypnost 200 ml,36,13,5,4,58
Bengkulu,Yayle Exypnost 120 ml,85,32,16,16,149
Bengkulu,Yayle Exypnost 200 ml,70,37,28,12,147
Bengkulu Selatan,Yayle Exypnost 120 ml,18,13,6,5,42
Bengkulu Selatan,Yayle Exypnost 200 ml,11,2,1,7,21
Bengkulu Tengah,Yayle Exypnost 120 ml,17,11,6,7,41
Bengkulu Tengah,Yayle Exypnost 200 ml,4,3,1,3,11
Bengkulu Utara,Yayle Exypnost 120 ml,57,37,22,12,128
Bengkulu Utara,Yayle Exypnost 200 ml,51,14,16,8,89
Berau,Yayle Exypnost 200 ml,168,43,55,26,292
Berau,Yayle Exypnost 120 ml,111,54,23,22,210
Biak Numfor,Yayle Exypnost 120 ml,3,5,4,6,18
Biak Numfor,Yayle Exypnost 200 ml,3,4,0,0,7
Bima,Yayle Exypnost 120 ml,28,19,12,10,69
Bima,Yayle Exypnost 200 ml,17,7,7,4,35
Binjai,Yayle Exypnost 120 ml,67,22,14,15,118
Binjai,Yayle Exypnost 200 ml,47,9,6,15,77
Bintan,Yayle Exypnost 120 ml,26,17,21,17,81
Bintan,Yayle Exypnost 200 ml,35,12,8,16,71
Bireuen,Yayle Exypnost 120 ml,172,109,86,86,453
Bireuen,Yayle Exypnost 200 ml,191,85,64,95,435
Bitung,Yayle Exypnost 200 ml,30,9,2,5,46
Bitung,Yayle Exypnost 120 ml,21,10,2,1,34
Blitar,Yayle Exypnost 120 ml,233,106,104,68,511
Blitar,Yayle Exypnost 200 ml,167,62,57,41,327
Blora,Yayle Exypnost 120 ml,229,97,100,52,478
Blora,Yayle Exypnost 200 ml,86,47,33,25,191
Boalemo,Yayle Exypnost 120 ml,16,13,11,7,47
Boalemo,Yayle Exypnost 200 ml,30,5,0,4,39
Bogor,Yayle Exypnost 120 ml,2398,1152,881,704,5135
Bogor,Yayle Exypnost 200 ml,1002,519,394,353,2268
Bojonegoro,Yayle Exypnost 120 ml,403,186,145,115,849
Bojonegoro,Yayle Exypnost 200 ml,163,77,37,52,329
Bolaang Mongodow Timur,Yayle Exypnost 120 ml,7,4,1,2,14
Bolaang Mongodow Timur,Yayle Exypnost 200 ml,4,0,0,0,4
Bolaang Mongondow,Yayle Exypnost 120 ml,8,18,10,9,45
Bolaang Mongondow,Yayle Exypnost 200 ml,11,7,1,0,19
Bolaang Mongondow Selatan,Yayle Exypnost 120 ml,7,5,1,4,17
Bolaang Mongondow Selatan,Yayle Exypnost 200 ml,4,2,3,0,9
Bolaang Mongondow Timur,Yayle Exypnost 120 ml,3,4,2,0,9
Bolaang Mongondow Timur,Yayle Exypnost 200 ml,1,2,2,2,7
Bolaang Mongondow Utara,Yayle Exypnost 120 ml,5,3,2,2,12
Bolaang Mongondow Utara,Yayle Exypnost 200 ml,4,0,0,0,4
Bombana,Yayle Exypnost 200 ml,53,32,18,3,106
Bombana,Yayle Exypnost 120 ml,42,23,18,3,86
Bondowoso,Yayle Exypnost 120 ml,155,68,44,37,304
Bondowoso,Yayle Exypnost 200 ml,61,27,20,17,125
Bone,Yayle Exypnost 120 ml,165,66,48,46,325
Bone,Yayle Exypnost 200 ml,170,61,21,15,267
Bone Bolango,Yayle Exypnost 120 ml,25,10,4,12,51
Bone Bolango,Yayle Exypnost 200 ml,13,5,5,4,27
Bontang,Yayle Exypnost 200 ml,33,12,14,13,72
Bontang,Yayle Exypnost 120 ml,40,9,8,5,62
Boven Digoel,Yayle Exypnost 200 ml,0,0,2,0,2
Boyolali,Yayle Exypnost 120 ml,216,86,81,76,459
Boyolali,Yayle Exypnost 200 ml,63,32,41,27,163
Brebes,Yayle Exypnost 120 ml,553,258,235,181,1227
Brebes,Yayle Exypnost 200 ml,206,121,96,66,489
Bukittinggi,Yayle Exypnost 200 ml,37,13,10,8,68
Bukittinggi,Yayle Exypnost 120 ml,24,11,5,4,44
Buleleng,Yayle Exypnost 120 ml,72,52,36,25,185
Buleleng,Yayle Exypnost 200 ml,53,32,18,3,106
Bulukumba,Yayle Exypnost 120 ml,60,29,33,16,138
Bulukumba,Yayle Exypnost 200 ml,48,23,17,4,92
Bulungan,Yayle Exypnost 200 ml,66,20,24,18,128
Bulungan,Yayle Exypnost 120 ml,35,15,22,15,87
Bungo,Yayle Exypnost 120 ml,144,59,49,49,301
Bungo,Yayle Exypnost 200 ml,112,33,17,23,185
Buol,Yayle Exypnost 200 ml,10,15,2,1,28
Buol,Yayle Exypnost 120 ml,21,2,4,0,27
Buru,Yayle Exypnost 120 ml,3,3,2,0,8
Buru,Yayle Exypnost 200 ml,0,4,2,2,8
Buru Selatan,Yayle Exypnost 200 ml,0,2,0,0,2
Buru Selatan,Yayle Exypnost 120 ml,1,0,0,0,1
Buton,Yayle Exypnost 120 ml,12,7,3,4,26
Buton,Yayle Exypnost 200 ml,9,4,2,6,21
Buton Selatan,Yayle Exypnost 120 ml,10,3,2,3,18
Buton Selatan,Yayle Exypnost 200 ml,6,2,2,4,14
Buton Tengah,Yayle Exypnost 200 ml,16,4,4,0,24
Buton Tengah,Yayle Exypnost 120 ml,2,9,3,5,19
Buton Utara,Yayle Exypnost 200 ml,6,1,6,2,15
Buton Utara,Yayle Exypnost 120 ml,3,2,2,1,8
Ciamis,Yayle Exypnost 120 ml,271,87,72,64,494
Ciamis,Yayle Exypnost 200 ml,79,36,29,39,183
Cianjur,Yayle Exypnost 120 ml,600,259,179,146,1184
Cianjur,Yayle Exypnost 200 ml,264,129,99,65,557
Cilacap,Yayle Exypnost 120 ml,429,241,199,156,1025
Cilacap,Yayle Exypnost 200 ml,182,145,104,117,548
Cilegon,Yayle Exypnost 120 ml,109,54,44,25,232
Cilegon,Yayle Exypnost 200 ml,60,27,20,24,131
Cimahi,Yayle Exypnost 120 ml,71,23,22,14,130
Cimahi,Yayle Exypnost 200 ml,36,13,13,10,72
Cirebon,Yayle Exypnost 120 ml,765,413,260,246,1684
Cirebon,Yayle Exypnost 200 ml,294,160,128,93,675
Dairi,Yayle Exypnost 120 ml,38,26,25,8,97
Dairi,Yayle Exypnost 200 ml,42,8,8,8,66
Deli Serdang,Yayle Exypnost 120 ml,520,391,247,232,1390
Deli Serdang,Yayle Exypnost 200 ml,459,258,200,181,1098
Demak,Yayle Exypnost 120 ml,329,186,144,89,748
Demak,Yayle Exypnost 200 ml,161,86,55,31,333
Denpasar,Yayle Exypnost 120 ml,115,70,35,29,249
Denpasar,Yayle Exypnost 200 ml,76,37,22,22,157
Depok,Yayle Exypnost 120 ml,224,129,84,88,525
Depok,Yayle Exypnost 200 ml,113,58,45,34,250
Dharmasraya,Yayle Exypnost 120 ml,86,35,33,32,186
Dharmasraya,Yayle Exypnost 200 ml,70,15,18,25,128
Dompu,Yayle Exypnost 120 ml,22,7,13,5,47
Dompu,Yayle Exypnost 200 ml,16,10,3,3,32
Donggala,Yayle Exypnost 120 ml,40,20,7,6,73
Donggala,Yayle Exypnost 200 ml,35,18,15,4,72
Dumai,Yayle Exypnost 120 ml,99,63,31,18,211
Dumai,Yayle Exypnost 200 ml,98,30,18,36,182
Empat Lawang,Yayle Exypnost 120 ml,38,18,5,6,67
Empat Lawang,Yayle Exypnost 200 ml,25,11,5,5,46
Ende,Yayle Exypnost 120 ml,14,6,10,3,33
Ende,Yayle Exypnost 200 ml,10,8,3,3,24
Enrekang,Yayle Exypnost 200 ml,46,11,15,8,80
Enrekang,Yayle Exypnost 120 ml,22,23,10,5,60
Fak Fak,Yayle Exypnost 120 ml,2,4,4,2,12
Flores Timur,Yayle Exypnost 200 ml,10,9,3,7,29
Flores Timur,Yayle Exypnost 120 ml,4,1,3,6,14
Garut,Yayle Exypnost 120 ml,461,211,130,105,907
Garut,Yayle Exypnost 200 ml,202,88,78,61,429
Garut Kota,Yayle Exypnost 120 ml,1,0,0,0,1
Garut Kota,Yayle Exypnost 200 ml,1,0,0,0,1
Gayo Lues,Yayle Exypnost 120 ml,17,8,10,5,40
Gayo Lues,Yayle Exypnost 200 ml,16,2,1,4,23
Gianyar,Yayle Exypnost 120 ml,78,54,34,25,191
Gianyar,Yayle Exypnost 200 ml,45,31,17,11,104
Gorontalo,Yayle Exypnost 200 ml,46,9,12,6,73
Gorontalo,Yayle Exypnost 120 ml,38,5,16,10,69
Gorontalo Utara,Yayle Exypnost 120 ml,18,13,13,12,56
Gorontalo Utara,Yayle Exypnost 200 ml,18,13,4,3,38
Gowa,Yayle Exypnost 120 ml,110,57,60,18,245
Gowa,Yayle Exypnost 200 ml,130,41,40,25,236
Gresik,Yayle Exypnost 120 ml,547,218,178,123,1066
Gresik,Yayle Exypnost 200 ml,252,109,91,73,525
Grobogan,Yayle Exypnost 120 ml,454,207,167,152,980
Grobogan,Yayle Exypnost 200 ml,172,78,67,45,362
Gunung Kidul,Yayle Exypnost 120 ml,18,13,10,7,48
Gunung Kidul,Yayle Exypnost 200 ml,8,3,1,1,13
Gunung Mas,Yayle Exypnost 120 ml,39,18,21,13,91
Gunung Mas,Yayle Exypnost 200 ml,33,11,13,8,65
Gunungkidul,Yayle Exypnost 120 ml,62,28,35,17,142
Gunungkidul,Yayle Exypnost 200 ml,16,10,14,2,42
Gunungsitoli,Yayle Exypnost 200 ml,14,9,4,3,30
Gunungsitoli,Yayle Exypnost 120 ml,7,9,5,5,26
Halmahera Barat,Yayle Exypnost 120 ml,5,13,12,0,30
Halmahera Barat,Yayle Exypnost 200 ml,12,3,1,0,16
Halmahera Selatan,Yayle Exypnost 120 ml,12,9,5,3,29
Halmahera Selatan,Yayle Exypnost 200 ml,12,4,3,2,21
Halmahera Tengah,Yayle Exypnost 120 ml,15,17,5,11,48
Halmahera Tengah,Yayle Exypnost 200 ml,9,5,13,4,31
Halmahera Timur,Yayle Exypnost 120 ml,5,8,11,7,31
Halmahera Timur,Yayle Exypnost 200 ml,14,7,4,2,27
Halmahera Utara,Yayle Exypnost 120 ml,21,11,12,4,48
Halmahera Utara,Yayle Exypnost 200 ml,14,8,10,3,35
Hulu Sungai Selatan,Yayle Exypnost 200 ml,33,17,4,9,63
Hulu Sungai Selatan,Yayle Exypnost 120 ml,22,16,6,1,45
Hulu Sungai Tengah,Yayle Exypnost 120 ml,26,12,15,6,59
Hulu Sungai Tengah,Yayle Exypnost 200 ml,34,9,3,6,52
Hulu Sungai Utara,Yayle Exypnost 120 ml,53,24,19,4,100
Hulu Sungai Utara,Yayle Exypnost 200 ml,53,18,3,7,81
Humbang Hasundutan,Yayle Exypnost 120 ml,9,22,20,6,57
Humbang Hasundutan,Yayle Exypnost 200 ml,14,4,7,5,30
Indragiri Hilir,Yayle Exypnost 120 ml,116,60,69,35,280
Indragiri Hilir,Yayle Exypnost 200 ml,121,37,25,17,200
Indragiri Hulu,Yayle Exypnost 120 ml,134,73,66,44,317
Indragiri Hulu,Yayle Exypnost 200 ml,163,59,25,44,291
Indramayu,Yayle Exypnost 120 ml,435,247,154,128,964
Indramayu,Yayle Exypnost 200 ml,234,137,99,65,535
Intan Jaya,Yayle Exypnost 200 ml,1,0,0,0,1
Jakarta Barat,Yayle Exypnost 120 ml,469,233,193,143,1038
Jakarta Barat,Yayle Exypnost 200 ml,237,127,106,86,556
Jakarta Pusat,Yayle Exypnost 120 ml,174,94,45,46,359
Jakarta Pusat,Yayle Exypnost 200 ml,104,50,44,29,227
Jakarta Selatan,Yayle Exypnost 120 ml,319,152,103,80,654
Jakarta Selatan,Yayle Exypnost 200 ml,145,89,52,51,337
Jakarta Tengah,Yayle Exypnost 120 ml,5,5,10,2,22
Jakarta Tengah,Yayle Exypnost 200 ml,2,2,1,1,6
Jakarta Timur,Yayle Exypnost 120 ml,483,273,191,153,1100
Jakarta Timur,Yayle Exypnost 200 ml,307,128,96,94,625
Jakarta Utara,Yayle Exypnost 120 ml,375,189,142,136,842
Jakarta Utara,Yayle Exypnost 200 ml,213,106,73,58,450
Jambi,Yayle Exypnost 120 ml,117,69,58,42,286
Jambi,Yayle Exypnost 200 ml,127,85,33,28,273
Jayapura,Yayle Exypnost 120 ml,10,17,9,6,42
Jayapura,Yayle Exypnost 200 ml,7,9,12,2,30
Jayawijaya,Yayle Exypnost 120 ml,7,9,5,2,23
Jayawijaya,Yayle Exypnost 200 ml,8,2,2,2,14
Jember,Yayle Exypnost 120 ml,456,198,164,145,963
Jember,Yayle Exypnost 200 ml,286,131,91,82,590
Jembrana,Yayle Exypnost 120 ml,45,46,25,14,130
Jembrana,Yayle Exypnost 200 ml,42,22,10,13,87
Jeneponto,Yayle Exypnost 120 ml,28,16,17,23,84
Jeneponto,Yayle Exypnost 200 ml,18,11,7,1,37
Jepara,Yayle Exypnost 120 ml,227,126,113,66,532
Jepara,Yayle Exypnost 200 ml,77,49,29,43,198
Jombang,Yayle Exypnost 120 ml,329,147,82,93,651
Jombang,Yayle Exypnost 200 ml,147,72,44,53,316
Kaimana,Yayle Exypnost 120 ml,4,0,0,0,4
Kaimana,Yayle Exypnost 200 ml,0,0,4,0,4
Kampar,Yayle Exypnost 120 ml,291,193,127,112,723
Kampar,Yayle Exypnost 200 ml,251,56,48,59,414
Kampobalano,Yayle Exypnost 120 ml,0,2,0,1,3
Kampobalano,Yayle Exypnost 200 ml,0,0,0,1,1
Kapuas,Yayle Exypnost 120 ml,37,22,13,21,93
Kapuas,Yayle Exypnost 200 ml,48,16,13,13,90
Kapuas Hulu,Yayle Exypnost 120 ml,108,51,48,32,239
Kapuas Hulu,Yayle Exypnost 200 ml,108,51,28,20,207
Karanganyar,Yayle Exypnost 120 ml,126,87,91,69,373
Karanganyar,Yayle Exypnost 200 ml,74,22,35,25,156
Karangasem,Yayle Exypnost 120 ml,26,31,18,23,98
Karangasem,Yayle Exypnost 200 ml,20,20,14,6,60
Karawang,Yayle Exypnost 120 ml,1163,535,421,316,2435
Karawang,Yayle Exypnost 200 ml,456,217,144,149,966
Karimun,Yayle Exypnost 200 ml,27,15,23,13,78
Karimun,Yayle Exypnost 120 ml,23,19,17,12,71
Karo,Yayle Exypnost 120 ml,59,52,28,15,154
Karo,Yayle Exypnost 200 ml,62,12,33,17,124
Katingan,Yayle Exypnost 120 ml,59,29,20,9,117
Katingan,Yayle Exypnost 200 ml,67,6,11,7,91
Kaur,Yayle Exypnost 120 ml,13,9,5,3,30
Kaur,Yayle Exypnost 200 ml,22,3,3,2,30
Kayong Utara,Yayle Exypnost 120 ml,56,36,14,4,110
Kayong Utara,Yayle Exypnost 200 ml,45,20,12,7,84
Kebumen,Yayle Exypnost 120 ml,240,142,104,82,568
Kebumen,Yayle Exypnost 200 ml,121,73,61,37,292
Kecamatan Fakfak,Yayle Exypnost 120 ml,0,2,0,0,2
Kecamatan Garut Kota,Yayle Exypnost 120 ml,85,35,35,24,179
Kecamatan Garut Kota,Yayle Exypnost 200 ml,75,33,21,5,134
Kecamatan Sarmi,Yayle Exypnost 200 ml,4,0,0,0,4
Kecamatan Sarmi,Yayle Exypnost 120 ml,2,0,0,0,2
Kediri,Yayle Exypnost 120 ml,307,176,118,117,718
Kediri,Yayle Exypnost 200 ml,156,72,73,47,348
Keerom,Yayle Exypnost 120 ml,2,2,0,0,4
Keerom,Yayle Exypnost 200 ml,0,1,1,1,3
Kendal,Yayle Exypnost 120 ml,270,125,107,64,566
Kendal,Yayle Exypnost 200 ml,96,42,21,27,186
Kendari,Yayle Exypnost 200 ml,118,68,24,21,231
Kendari,Yayle Exypnost 120 ml,70,40,23,17,150
Kep Siau Tagulandang Biaro,Yayle Exypnost 120 ml,3,5,0,1,9
Kep Siau Tagulandang Biaro,Yayle Exypnost 200 ml,3,2,2,0,7
Kepahiang,Yayle Exypnost 120 ml,12,5,12,11,40
Kepahiang,Yayle Exypnost 200 ml,19,6,1,7,33
Kepulauan Anambas,Yayle Exypnost 120 ml,18,11,10,1,40
Kepulauan Anambas,Yayle Exypnost 200 ml,10,10,8,0,28
Kepulauan Aru,Yayle Exypnost 200 ml,0,0,3,0,3
Kepulauan Mentawai,Yayle Exypnost 200 ml,10,6,1,0,17
Kepulauan Mentawai,Yayle Exypnost 120 ml,6,3,3,0,12
Kepulauan Meranti,Yayle Exypnost 120 ml,15,11,12,12,50
Kepulauan Meranti,Yayle Exypnost 200 ml,28,4,8,3,43
Kepulauan Sangihe,Yayle Exypnost 120 ml,13,9,11,3,36
Kepulauan Sangihe,Yayle Exypnost 200 ml,4,1,0,0,5
Kepulauan Selayar,Yayle Exypnost 120 ml,11,4,4,4,23
Kepulauan Selayar,Yayle Exypnost 200 ml,8,1,4,3,16
Kepulauan Seribu,Yayle Exypnost 120 ml,7,0,8,1,16
Kepulauan Seribu,Yayle Exypnost 200 ml,9,2,0,2,13
Kepulauan Sula,Yayle Exypnost 200 ml,7,0,5,0,12
Kepulauan Sula,Yayle Exypnost 120 ml,3,0,2,0,5
Kepulauan Talaud,Yayle Exypnost 120 ml,12,18,7,2,39
Kepulauan Talaud,Yayle Exypnost 200 ml,11,5,2,0,18
Kepulauan Tanimbar,Yayle Exypnost 120 ml,7,4,2,0,13
Kepulauan Tanimbar,Yayle Exypnost 200 ml,0,2,0,0,2
Kepulauan Yapen,Yayle Exypnost 120 ml,0,0,0,2,2
Kerinci,Yayle Exypnost 120 ml,17,18,6,7,48
Kerinci,Yayle Exypnost 200 ml,18,3,5,3,29
Ketapang,Yayle Exypnost 120 ml,216,140,89,63,508
Ketapang,Yayle Exypnost 200 ml,192,110,60,57,419
Klaten,Yayle Exypnost 120 ml,184,107,67,53,411
Klaten,Yayle Exypnost 200 ml,63,37,39,25,164
Klungkung,Yayle Exypnost 120 ml,26,27,14,6,73
Klungkung,Yayle Exypnost 200 ml,28,11,7,5,51
Kolaka,Yayle Exypnost 120 ml,45,24,13,13,95
Kolaka,Yayle Exypnost 200 ml,54,17,7,5,83
Kolaka Timur,Yayle Exypnost 200 ml,26,17,14,8,65
Kolaka Timur,Yayle Exypnost 120 ml,22,7,10,4,43
Kolaka Utara,Yayle Exypnost 120 ml,21,14,10,8,53
Kolaka Utara,Yayle Exypnost 200 ml,18,2,3,9,32
Konawe,Yayle Exypnost 120 ml,20,26,15,4,65
Konawe,Yayle Exypnost 200 ml,36,9,14,4,63
Konawe Kepulauan,Yayle Exypnost 200 ml,4,5,2,0,11
Konawe Kepulauan,Yayle Exypnost 120 ml,1,1,2,1,5
Konawe Selatan,Yayle Exypnost 200 ml,38,24,19,9,90
Konawe Selatan,Yayle Exypnost 120 ml,28,23,15,1,67
Konawe Utara,Yayle Exypnost 120 ml,16,8,3,0,27
Konawe Utara,Yayle Exypnost 200 ml,11,6,0,2,19
Kota Adm Jakarta Barat,Yayle Exypnost 120 ml,12,13,12,11,48
Kota Adm Jakarta Barat,Yayle Exypnost 200 ml,1,12,18,8,39
Kota Adm Jakarta Pusat,Yayle Exypnost 120 ml,11,2,10,2,25
Kota Adm Jakarta Pusat,Yayle Exypnost 200 ml,0,3,3,10,16
Kota Adm Jakarta Selatan,Yayle Exypnost 200 ml,1,12,22,8,43
Kota Adm Jakarta Selatan,Yayle Exypnost 120 ml,15,8,12,6,41
Kota Adm Jakarta Timur,Yayle Exypnost 120 ml,23,24,12,18,77
Kota Adm Jakarta Timur,Yayle Exypnost 200 ml,5,9,17,22,53
Kota Adm Jakarta Utara,Yayle Exypnost 200 ml,4,16,20,16,56
Kota Adm Jakarta Utara,Yayle Exypnost 120 ml,12,7,19,1,39
Kota Administrasi Jakarta Barat,Yayle Exypnost 120 ml,333,190,134,111,768
Kota Administrasi Jakarta Barat,Yayle Exypnost 200 ml,134,75,73,44,326
Kota Administrasi Jakarta Pusat,Yayle Exypnost 120 ml,110,49,60,53,272
Kota Administrasi Jakarta Pusat,Yayle Exypnost 200 ml,72,47,29,35,183
Kota Administrasi Jakarta Selatan,Yayle Exypnost 120 ml,176,123,86,101,486
Kota Administrasi Jakarta Selatan,Yayle Exypnost 200 ml,95,64,36,45,240
Kota Administrasi Jakarta Timur,Yayle Exypnost 120 ml,335,194,144,136,809
Kota Administrasi Jakarta Timur,Yayle Exypnost 200 ml,149,92,79,76,396
Kota Administrasi Jakarta Utara,Yayle Exypnost 120 ml,257,144,126,103,630
Kota Administrasi Jakarta Utara,Yayle Exypnost 200 ml,138,93,51,74,356
Kota Administrasi Kepulauan Seribu,Yayle Exypnost 120 ml,8,5,1,3,17
Kota Administrasi Kepulauan Seribu,Yayle Exypnost 200 ml,6,5,0,0,11
Kota Ambon,Yayle Exypnost 200 ml,134,68,46,37,285
Kota Ambon,Yayle Exypnost 120 ml,74,50,123,18,265
Kota Balikpapan,Yayle Exypnost 120 ml,158,73,68,46,345
Kota Balikpapan,Yayle Exypnost 200 ml,155,82,43,36,316
Kota Banda Aceh,Yayle Exypnost 200 ml,189,76,71,82,418
Kota Banda Aceh,Yayle Exypnost 120 ml,138,89,50,46,323
Kota Bandar Lampung,Yayle Exypnost 120 ml,160,77,52,46,335
Kota Bandar Lampung,Yayle Exypnost 200 ml,73,62,41,35,211
Kota Bandung,Yayle Exypnost 120 ml,419,215,154,112,900
Kota Bandung,Yayle Exypnost 200 ml,160,83,76,55,374
Kota Banjar,Yayle Exypnost 120 ml,38,19,25,7,89
Kota Banjar,Yayle Exypnost 200 ml,21,10,7,4,42
Kota Banjar Baru,Yayle Exypnost 120 ml,2,0,7,3,12
Kota Banjar Baru,Yayle Exypnost 200 ml,5,0,3,0,8
Kota Banjarbaru,Yayle Exypnost 120 ml,48,20,16,19,103
Kota Banjarbaru,Yayle Exypnost 200 ml,41,20,12,17,90
Kota Banjarmasin,Yayle Exypnost 120 ml,125,76,44,46,291
Kota Banjarmasin,Yayle Exypnost 200 ml,114,71,32,29,246
Kota Batam,Yayle Exypnost 120 ml,340,204,187,160,891
Kota Batam,Yayle Exypnost 200 ml,347,178,157,126,808
Kota Batu,Yayle Exypnost 120 ml,30,19,14,10,73
Kota Batu,Yayle Exypnost 200 ml,15,8,5,9,37
Kota Bau Bau,Yayle Exypnost 120 ml,24,6,4,3,37
Kota Bau Bau,Yayle Exypnost 200 ml,18,11,4,3,36
Kota Baubau,Yayle Exypnost 120 ml,4,0,0,0,4
Kota Baubau,Yayle Exypnost 200 ml,4,0,0,0,4
Kota Bekasi,Yayle Exypnost 120 ml,1259,678,504,478,2919
Kota Bekasi,Yayle Exypnost 200 ml,602,354,241,231,1428
Kota Bengkulu,Yayle Exypnost 120 ml,72,44,24,29,169
Kota Bengkulu,Yayle Exypnost 200 ml,33,33,28,16,110
Kota Bengkulu Selatan,Yayle Exypnost 120 ml,5,0,0,0,5
Kota Bengkulu Selatan,Yayle Exypnost 200 ml,2,0,0,0,2
Kota Bima,Yayle Exypnost 120 ml,28,14,8,8,58
Kota Bima,Yayle Exypnost 200 ml,15,13,6,3,37
Kota Binjai,Yayle Exypnost 120 ml,41,20,10,10,81
Kota Binjai,Yayle Exypnost 200 ml,23,16,8,11,58
Kota Bitung,Yayle Exypnost 120 ml,15,13,4,3,35
Kota Bitung,Yayle Exypnost 200 ml,17,6,2,2,27
Kota Blitar,Yayle Exypnost 120 ml,26,8,11,7,52
Kota Blitar,Yayle Exypnost 200 ml,22,8,5,5,40
Kota Bogor,Yayle Exypnost 120 ml,239,107,70,77,493
Kota Bogor,Yayle Exypnost 200 ml,99,42,45,46,232
Kota Bontang,Yayle Exypnost 120 ml,17,13,31,14,75
Kota Bontang,Yayle Exypnost 200 ml,12,16,13,0,41
Kota Bukittinggi,Yayle Exypnost 120 ml,29,7,7,9,52
Kota Bukittinggi,Yayle Exypnost 200 ml,14,2,2,9,27
Kota Cilegon,Yayle Exypnost 120 ml,75,29,43,30,177
Kota Cilegon,Yayle Exypnost 200 ml,38,10,13,14,75
Kota Cimahi,Yayle Exypnost 120 ml,48,33,26,26,133
Kota Cimahi,Yayle Exypnost 200 ml,18,12,11,9,50
Kota Cirebon,Yayle Exypnost 120 ml,52,36,28,21,137
Kota Cirebon,Yayle Exypnost 200 ml,28,13,11,11,63
Kota Denpasar,Yayle Exypnost 120 ml,162,136,79,67,444
Kota Denpasar,Yayle Exypnost 200 ml,103,61,46,35,245
Kota Depok,Yayle Exypnost 120 ml,359,203,153,99,814
Kota Depok,Yayle Exypnost 200 ml,175,92,68,88,423
Kota Dumai,Yayle Exypnost 120 ml,74,42,30,17,163
Kota Dumai,Yayle Exypnost 200 ml,69,13,16,21,119
Kota Gorontalo,Yayle Exypnost 120 ml,75,13,19,13,120
Kota Gorontalo,Yayle Exypnost 200 ml,44,26,10,6,86
Kota Gunungsitoli,Yayle Exypnost 120 ml,8,9,4,4,25
Kota Gunungsitoli,Yayle Exypnost 200 ml,11,6,5,2,24
Kota Jakarta Barat,Yayle Exypnost 120 ml,30,18,14,11,73
Kota Jakarta Barat,Yayle Exypnost 200 ml,28,16,5,9,58
Kota Jakarta Pusat,Yayle Exypnost 120 ml,17,9,4,4,34
Kota Jakarta Pusat,Yayle Exypnost 200 ml,5,3,4,1,13
Kota Jakarta Selatan,Yayle Exypnost 120 ml,29,8,10,5,52
Kota Jakarta Selatan,Yayle Exypnost 200 ml,15,8,12,6,41
Kota Jakarta Timur,Yayle Exypnost 120 ml,56,30,20,12,118
Kota Jakarta Timur,Yayle Exypnost 200 ml,24,15,14,11,64
Kota Jakarta Utara,Yayle Exypnost 120 ml,26,17,12,14,69
Kota Jakarta Utara,Yayle Exypnost 200 ml,20,18,5,1,44
Kota Jambi,Yayle Exypnost 120 ml,172,90,53,39,354
Kota Jambi,Yayle Exypnost 200 ml,95,68,22,30,215
Kota Jayapura,Yayle Exypnost 200 ml,114,79,38,32,263
Kota Jayapura,Yayle Exypnost 120 ml,94,71,22,27,214
Kota Kediri,Yayle Exypnost 120 ml,57,20,20,12,109
Kota Kediri,Yayle Exypnost 200 ml,28,14,18,10,70
Kota Kendari,Yayle Exypnost 120 ml,74,53,31,27,185
Kota Kendari,Yayle Exypnost 200 ml,64,32,31,18,145
Kota Kotamobagu,Yayle Exypnost 120 ml,5,6,4,3,18
Kota Kotamobagu,Yayle Exypnost 200 ml,6,5,0,0,11
Kota Kupang,Yayle Exypnost 120 ml,69,47,42,15,173
Kota Kupang,Yayle Exypnost 200 ml,62,40,33,7,142
Kota Langsa,Yayle Exypnost 120 ml,41,29,7,13,90
Kota Langsa,Yayle Exypnost 200 ml,33,8,16,18,75
Kota Lhokseumawe,Yayle Exypnost 120 ml,65,35,44,28,172
Kota Lhokseumawe,Yayle Exypnost 200 ml,51,12,24,25,112
Kota Lubuk Linggau,Yayle Exypnost 120 ml,31,14,18,5,68
Kota Lubuk Linggau,Yayle Exypnost 200 ml,13,6,1,8,28
Kota Lubuklinggau,Yayle Exypnost 120 ml,4,2,1,1,8
Kota Lubuklinggau,Yayle Exypnost 200 ml,2,1,0,0,3
Kota Madiun,Yayle Exypnost 120 ml,32,11,22,9,74
Kota Madiun,Yayle Exypnost 200 ml,19,12,7,4,42
Kota Magelang,Yayle Exypnost 120 ml,37,22,19,9,87
Kota Magelang,Yayle Exypnost 200 ml,16,5,5,4,30
Kota Makassar,Yayle Exypnost 120 ml,267,140,113,65,585
Kota Makassar,Yayle Exypnost 200 ml,278,103,93,59,533
Kota Malang,Yayle Exypnost 120 ml,165,74,56,47,342
Kota Malang,Yayle Exypnost 200 ml,101,54,29,25,209
Kota Manado,Yayle Exypnost 120 ml,71,39,29,9,148
Kota Manado,Yayle Exypnost 200 ml,38,29,19,12,98
Kota Mataram,Yayle Exypnost 120 ml,61,33,17,22,133
Kota Mataram,Yayle Exypnost 200 ml,41,25,11,17,94
Kota Medan,Yayle Exypnost 120 ml,351,246,168,163,928
Kota Medan,Yayle Exypnost 200 ml,329,207,159,103,798
Kota Melaka,Yayle Exypnost 120 ml,0,1,1,4,6
Kota Melaka,Yayle Exypnost 200 ml,0,2,2,2,6
Kota Metro,Yayle Exypnost 120 ml,8,7,11,4,30
Kota Metro,Yayle Exypnost 200 ml,6,2,1,5,14
Kota Mojokerto,Yayle Exypnost 120 ml,23,21,7,14,65
Kota Mojokerto,Yayle Exypnost 200 ml,21,5,5,3,34
Kota Padang,Yayle Exypnost 120 ml,194,127,83,59,463
Kota Padang,Yayle Exypnost 200 ml,144,52,62,58,316
Kota Padang Panjang,Yayle Exypnost 200 ml,19,6,4,8,37
Kota Padang Panjang,Yayle Exypnost 120 ml,11,11,3,0,25
Kota Padang Sidempuan,Yayle Exypnost 120 ml,17,11,8,0,36
Kota Padang Sidempuan,Yayle Exypnost 200 ml,14,6,4,5,29
Kota Padangsidimpuan,Yayle Exypnost 120 ml,35,16,16,9,76
Kota Padangsidimpuan,Yayle Exypnost 200 ml,34,10,10,16,70
Kota Pagar Alam,Yayle Exypnost 120 ml,17,7,5,0,29
Kota Pagar Alam,Yayle Exypnost 200 ml,12,4,0,0,16
Kota Palangka Raya,Yayle Exypnost 120 ml,7,2,0,3,12
Kota Palangka Raya,Yayle Exypnost 200 ml,3,4,3,0,10
Kota Palangkaraya,Yayle Exypnost 120 ml,59,55,25,30,169
Kota Palangkaraya,Yayle Exypnost 200 ml,61,25,13,8,107
Kota Palembang,Yayle Exypnost 120 ml,351,187,133,139,810
Kota Palembang,Yayle Exypnost 200 ml,295,127,102,74,598
Kota Palopo,Yayle Exypnost 120 ml,11,14,13,12,50
Kota Palopo,Yayle Exypnost 200 ml,24,8,3,4,39
Kota Palu,Yayle Exypnost 200 ml,107,44,43,13,207
Kota Palu,Yayle Exypnost 120 ml,84,61,42,18,205
Kota Pangkal Pinang,Yayle Exypnost 120 ml,75,55,29,24,183
Kota Pangkal Pinang,Yayle Exypnost 200 ml,44,37,22,22,125
Kota Pare Pare,Yayle Exypnost 120 ml,19,13,5,8,45
Kota Pare Pare,Yayle Exypnost 200 ml,24,3,7,6,40
Kota Parepare,Yayle Exypnost 120 ml,3,0,0,0,3
Kota Parepare,Yayle Exypnost 200 ml,0,0,0,2,2
Kota Pariaman,Yayle Exypnost 200 ml,15,3,4,4,26
Kota Pariaman,Yayle Exypnost 120 ml,6,5,7,2,20
Kota Pasuruan,Yayle Exypnost 120 ml,55,26,22,8,111
Kota Pasuruan,Yayle Exypnost 200 ml,27,22,19,7,75
Kota Payakumbuh,Yayle Exypnost 200 ml,17,4,11,7,39
Kota Payakumbuh,Yayle Exypnost 120 ml,4,13,5,5,27
Kota Pekalongan,Yayle Exypnost 120 ml,88,37,41,24,190
Kota Pekalongan,Yayle Exypnost 200 ml,32,19,13,18,82
Kota Pekanbaru,Yayle Exypnost 120 ml,213,164,94,87,558
Kota Pekanbaru,Yayle Exypnost 200 ml,210,121,85,90,506
Kota Pematang Siantar,Yayle Exypnost 120 ml,35,22,14,18,89
Kota Pematang Siantar,Yayle Exypnost 200 ml,40,14,7,9,70
Kota Pematangsiantar,Yayle Exypnost 120 ml,1,4,8,0,13
Kota Pontianak,Yayle Exypnost 120 ml,106,91,56,45,298
Kota Pontianak,Yayle Exypnost 200 ml,115,57,24,16,212
Kota Prabumulih,Yayle Exypnost 120 ml,24,19,18,7,68
Kota Prabumulih,Yayle Exypnost 200 ml,12,7,5,5,29
Kota Probolinggo,Yayle Exypnost 120 ml,54,33,21,11,119
Kota Probolinggo,Yayle Exypnost 200 ml,29,6,18,9,62
Kota Sabang,Yayle Exypnost 120 ml,4,11,8,4,27
Kota Sabang,Yayle Exypnost 200 ml,10,2,4,11,27
Kota Salatiga,Yayle Exypnost 120 ml,11,9,6,4,30
Kota Salatiga,Yayle Exypnost 200 ml,5,2,0,2,9
Kota Samarinda,Yayle Exypnost 200 ml,240,97,75,41,453
Kota Samarinda,Yayle Exypnost 120 ml,184,119,76,43,422
Kota Sawahlunto,Yayle Exypnost 120 ml,13,8,4,3,28
Kota Sawahlunto,Yayle Exypnost 200 ml,10,5,0,2,17
Kota Semarang,Yayle Exypnost 120 ml,303,213,140,106,762
Kota Semarang,Yayle Exypnost 200 ml,148,100,71,50,369
Kota Serang,Yayle Exypnost 120 ml,285,137,113,76,611
Kota Serang,Yayle Exypnost 200 ml,114,58,46,36,254
Kota Sibolga,Yayle Exypnost 200 ml,16,5,7,1,29
Kota Sibolga,Yayle Exypnost 120 ml,6,10,2,1,19
Kota Singkawang,Yayle Exypnost 120 ml,24,13,6,8,51
Kota Singkawang,Yayle Exypnost 200 ml,23,5,2,7,37
Kota Solok,Yayle Exypnost 120 ml,43,34,11,8,96
Kota Solok,Yayle Exypnost 200 ml,49,8,13,6,76
Kota Sorong,Yayle Exypnost 120 ml,5,15,11,7,38
Kota Sorong,Yayle Exypnost 200 ml,12,7,1,2,22
Kota Subulussalam,Yayle Exypnost 200 ml,22,5,7,4,38
Kota Subulussalam,Yayle Exypnost 120 ml,6,14,7,4,31
Kota Sukabumi,Yayle Exypnost 120 ml,80,43,23,25,171
Kota Sukabumi,Yayle Exypnost 200 ml,35,23,16,18,92
Kota Sungai Penuh,Yayle Exypnost 120 ml,6,9,7,2,24
Kota Sungai Penuh,Yayle Exypnost 200 ml,9,3,6,1,19
Kota Surabaya,Yayle Exypnost 120 ml,426,293,219,134,1072
Kota Surabaya,Yayle Exypnost 200 ml,189,152,98,95,534
Kota Surakarta,Yayle Exypnost 120 ml,27,17,22,9,75
Kota Surakarta,Yayle Exypnost 200 ml,14,11,7,7,39
Kota Tangerang,Yayle Exypnost 120 ml,742,369,282,279,1672
Kota Tangerang,Yayle Exypnost 200 ml,360,219,137,180,896
Kota Tangerang Selatan,Yayle Exypnost 120 ml,206,148,120,130,604
Kota Tangerang Selatan,Yayle Exypnost 200 ml,116,73,57,72,318
Kota Tanjung Balai,Yayle Exypnost 200 ml,15,5,4,3,27
Kota Tanjung Balai,Yayle Exypnost 120 ml,2,11,4,7,24
Kota Tanjung Pinang,Yayle Exypnost 120 ml,36,35,27,29,127
Kota Tanjung Pinang,Yayle Exypnost 200 ml,44,21,16,15,96
Kota Tarakan,Yayle Exypnost 200 ml,36,20,21,7,84
Kota Tarakan,Yayle Exypnost 120 ml,34,32,12,3,81
Kota Tasikmalaya,Yayle Exypnost 120 ml,169,47,40,34,290
Kota Tasikmalaya,Yayle Exypnost 200 ml,50,25,33,11,119
Kota Tebing Tinggi,Yayle Exypnost 120 ml,32,17,14,9,72
Kota Tebing Tinggi,Yayle Exypnost 200 ml,17,14,10,4,45
Kota Tegal,Yayle Exypnost 120 ml,77,43,37,32,189
Kota Tegal,Yayle Exypnost 200 ml,22,30,18,13,83
Kota Ternate,Yayle Exypnost 120 ml,55,24,20,22,121
Kota Ternate,Yayle Exypnost 200 ml,47,20,12,19,98
Kota Tidore Kepulauan,Yayle Exypnost 120 ml,14,8,17,3,42
Kota Tidore Kepulauan,Yayle Exypnost 200 ml,1,5,0,4,10
Kota Tomohon,Yayle Exypnost 120 ml,0,2,0,2,4
Kota Tomohon,Yayle Exypnost 200 ml,0,1,0,0,1
Kota Tual,Yayle Exypnost 120 ml,0,2,0,0,2
Kota Yogyakarta,Yayle Exypnost 120 ml,15,18,160,15,208
Kota Yogyakarta,Yayle Exypnost 200 ml,7,5,9,15,36
Kotabaru,Yayle Exypnost 200 ml,112,40,31,26,209
Kotabaru,Yayle Exypnost 120 ml,98,39,27,15,179
Kotabekasi,Yayle Exypnost 200 ml,0,0,0,1,1
Kotamobagu,Yayle Exypnost 120 ml,10,6,0,2,18
Kotamobagu,Yayle Exypnost 200 ml,9,3,3,0,15
Kotawaringin Barat,Yayle Exypnost 120 ml,139,66,61,35,301
Kotawaringin Barat,Yayle Exypnost 200 ml,118,28,32,11,189
Kotawaringin Timur,Yayle Exypnost 120 ml,145,94,69,56,364
Kotawaringin Timur,Yayle Exypnost 200 ml,158,87,55,35,335
Kuantan Singingi,Yayle Exypnost 120 ml,115,59,55,32,261
Kuantan Singingi,Yayle Exypnost 200 ml,75,44,21,21,161
Kubu Raya,Yayle Exypnost 120 ml,114,102,58,53,327
Kubu Raya,Yayle Exypnost 200 ml,138,33,38,28,237
Kudus,Yayle Exypnost 120 ml,289,177,116,96,678
Kudus,Yayle Exypnost 200 ml,80,53,44,25,202
Kulon Progo,Yayle Exypnost 120 ml,47,30,22,17,116
Kulon Progo,Yayle Exypnost 200 ml,31,6,15,8,60
Kuningan,Yayle Exypnost 120 ml,361,187,109,94,751
Kuningan,Yayle Exypnost 200 ml,142,82,66,32,322
Kupang,Yayle Exypnost 200 ml,14,6,4,0,24
Kupang,Yayle Exypnost 120 ml,10,4,7,1,22
Kutai Barat,Yayle Exypnost 120 ml,68,55,29,31,183
Kutai Barat,Yayle Exypnost 200 ml,85,25,11,20,141
Kutai Kartanegara,Yayle Exypnost 120 ml,151,65,44,24,284
Kutai Kartanegara,Yayle Exypnost 200 ml,143,68,26,24,261
Kutai Timur,Yayle Exypnost 200 ml,174,71,51,38,334
Kutai Timur,Yayle Exypnost 120 ml,142,86,55,28,311
Kutha Surabaya,Yayle Exypnost 120 ml,0,1,0,0,1
Kutha Tangerang,Yayle Exypnost 120 ml,0,0,0,2,2
Labuhan Batu,Yayle Exypnost 200 ml,21,11,5,7,44
Labuhan Batu,Yayle Exypnost 120 ml,18,6,8,8,40
Labuhanbatu,Yayle Exypnost 120 ml,51,33,21,19,124
Labuhanbatu,Yayle Exypnost 200 ml,41,21,20,31,113
Labuhanbatu Selatan,Yayle Exypnost 120 ml,47,23,40,23,133
Labuhanbatu Selatan,Yayle Exypnost 200 ml,43,11,12,11,77
Labuhanbatu Utara,Yayle Exypnost 120 ml,36,31,21,14,102
Labuhanbatu Utara,Yayle Exypnost 200 ml,31,17,17,4,69
Lahat,Yayle Exypnost 120 ml,92,33,33,36,194
Lahat,Yayle Exypnost 200 ml,79,28,22,15,144
Lamandau,Yayle Exypnost 120 ml,50,17,21,25,113
Lamandau,Yayle Exypnost 200 ml,65,13,8,13,99
Lamongan,Yayle Exypnost 120 ml,386,158,125,84,753
Lamongan,Yayle Exypnost 200 ml,192,63,49,41,345
Lampung Barat,Yayle Exypnost 120 ml,58,38,19,22,137
Lampung Barat,Yayle Exypnost 200 ml,33,11,10,15,69
Lampung Selatan,Yayle Exypnost 120 ml,201,98,61,58,418
Lampung Selatan,Yayle Exypnost 200 ml,124,39,38,38,239
Lampung Tengah,Yayle Exypnost 120 ml,203,96,73,64,436
Lampung Tengah,Yayle Exypnost 200 ml,133,45,22,22,222
Lampung Timur,Yayle Exypnost 120 ml,137,64,62,45,308
Lampung Timur,Yayle Exypnost 200 ml,85,26,23,30,164
Lampung Utara,Yayle Exypnost 120 ml,115,62,28,35,240
Lampung Utara,Yayle Exypnost 200 ml,71,26,14,20,131
Landak,Yayle Exypnost 120 ml,40,23,23,8,94
Landak,Yayle Exypnost 200 ml,25,11,7,9,52
Langkat,Yayle Exypnost 120 ml,210,114,62,53,439
Langkat,Yayle Exypnost 200 ml,179,60,54,56,349
Langsa,Yayle Exypnost 200 ml,44,30,4,23,101
Langsa,Yayle Exypnost 120 ml,40,15,9,11,75
Lebak,Yayle Exypnost 120 ml,484,187,147,123,941
Lebak,Yayle Exypnost 200 ml,195,79,81,53,408
Lebong,Yayle Exypnost 200 ml,14,5,9,0,28
Lebong,Yayle Exypnost 120 ml,6,0,3,1,10
Lembata,Yayle Exypnost 120 ml,1,4,6,3,14
Lembata,Yayle Exypnost 200 ml,5,2,3,1,11
Lhokseumawe,Yayle Exypnost 200 ml,95,31,21,53,200
Lhokseumawe,Yayle Exypnost 120 ml,88,48,20,35,191
Lima Puluh Kota,Yayle Exypnost 120 ml,50,32,17,13,112
Lima Puluh Kota,Yayle Exypnost 200 ml,44,15,11,9,79
Lingga,Yayle Exypnost 200 ml,8,12,0,5,25
Lingga,Yayle Exypnost 120 ml,2,3,1,8,14
Lombok Barat,Yayle Exypnost 120 ml,93,35,33,15,176
Lombok Barat,Yayle Exypnost 200 ml,58,18,14,10,100
Lombok Tengah,Yayle Exypnost 120 ml,106,45,32,18,201
Lombok Tengah,Yayle Exypnost 200 ml,77,23,13,20,133
Lombok Timur,Yayle Exypnost 120 ml,254,112,51,53,470
Lombok Timur,Yayle Exypnost 200 ml,185,38,38,42,303
Lombok Utara,Yayle Exypnost 120 ml,37,12,16,6,71
Lombok Utara,Yayle Exypnost 200 ml,27,7,4,8,46
Lubuklinggau,Yayle Exypnost 200 ml,26,10,12,8,56
Lubuklinggau,Yayle Exypnost 120 ml,19,17,8,10,54
Lumajang,Yayle Exypnost 120 ml,196,80,53,56,385
Lumajang,Yayle Exypnost 200 ml,102,43,22,29,196
Luwu,Yayle Exypnost 120 ml,62,45,31,22,160
Luwu,Yayle Exypnost 200 ml,77,32,23,26,158
Luwu Timur,Yayle Exypnost 200 ml,103,53,19,13,188
Luwu Timur,Yayle Exypnost 120 ml,75,30,20,19,144
Luwu Utara,Yayle Exypnost 200 ml,62,31,18,3,114
Luwu Utara,Yayle Exypnost 120 ml,46,18,8,10,82
Madiun,Yayle Exypnost 120 ml,148,58,67,47,320
Madiun,Yayle Exypnost 200 ml,67,29,22,18,136
Magelang,Yayle Exypnost 120 ml,115,65,46,35,261
Magelang,Yayle Exypnost 200 ml,40,24,17,9,90
Magetan,Yayle Exypnost 120 ml,137,62,54,26,279
Magetan,Yayle Exypnost 200 ml,74,37,44,16,171
Mahakam Ulu,Yayle Exypnost 200 ml,23,10,9,6,48
Mahakam Ulu,Yayle Exypnost 120 ml,20,10,7,1,38
Majalengka,Yayle Exypnost 120 ml,398,167,129,79,773
Majalengka,Yayle Exypnost 200 ml,138,80,29,34,281
Majene,Yayle Exypnost 200 ml,30,11,10,5,56
Majene,Yayle Exypnost 120 ml,17,12,3,1,33
Makassar,Yayle Exypnost 200 ml,338,143,109,55,645
Makassar,Yayle Exypnost 120 ml,322,134,77,64,597
Malaka,Yayle Exypnost 200 ml,4,0,7,2,13
Malaka,Yayle Exypnost 120 ml,3,2,2,1,8
Malang,Yayle Exypnost 120 ml,553,216,207,108,1084
Malang,Yayle Exypnost 200 ml,286,150,112,67,615
Malinau,Yayle Exypnost 200 ml,50,20,6,7,83
Malinau,Yayle Exypnost 120 ml,19,12,14,9,54
Maluku Barat Daya,Yayle Exypnost 120 ml,1,0,0,2,3
Maluku Tengah,Yayle Exypnost 200 ml,2,2,5,0,9
Maluku Tengah,Yayle Exypnost 120 ml,4,0,4,0,8
Maluku Tenggara,Yayle Exypnost 200 ml,2,2,0,2,6
Maluku Tenggara,Yayle Exypnost 120 ml,2,0,2,0,4
Maluku Tenggara Barat,Yayle Exypnost 120 ml,2,3,2,0,7
Maluku Tenggara Barat,Yayle Exypnost 200 ml,1,2,0,0,3
Mamasa,Yayle Exypnost 120 ml,6,3,1,2,12
Mamasa,Yayle Exypnost 200 ml,9,2,1,0,12
Mamberamo Raya,Yayle Exypnost 200 ml,2,0,0,0,2
Mamuju,Yayle Exypnost 120 ml,52,23,20,12,107
Mamuju,Yayle Exypnost 200 ml,60,18,16,9,103
Mamuju Tengah,Yayle Exypnost 120 ml,30,19,9,4,62
Mamuju Tengah,Yayle Exypnost 200 ml,34,12,10,3,59
Mamuju Utara,Yayle Exypnost 200 ml,51,20,9,7,87
Mamuju Utara,Yayle Exypnost 120 ml,33,10,6,4,53
Manado,Yayle Exypnost 120 ml,20,13,14,7,54
Manado,Yayle Exypnost 200 ml,25,8,9,3,45
Mandailing Natal,Yayle Exypnost 120 ml,69,60,35,31,195
Mandailing Natal,Yayle Exypnost 200 ml,70,35,29,33,167
Manggarai,Yayle Exypnost 200 ml,4,0,0,0,4
Manggarai,Yayle Exypnost 120 ml,1,0,2,0,3
Manggarai Barat,Yayle Exypnost 120 ml,11,2,5,0,18
Manggarai Barat,Yayle Exypnost 200 ml,2,6,3,2,13
Manggarai Timur,Yayle Exypnost 120 ml,4,0,0,0,4
Manggarai Timur,Yayle Exypnost 200 ml,4,0,0,0,4
Manokwari,Yayle Exypnost 200 ml,8,4,2,0,14
Manokwari,Yayle Exypnost 120 ml,5,4,1,0,10
Manokwari Selatan,Yayle Exypnost 200 ml,2,0,0,1,3
Mappi,Yayle Exypnost 120 ml,0,0,1,2,3
Maros,Yayle Exypnost 120 ml,59,44,32,12,147
Maros,Yayle Exypnost 200 ml,70,37,18,10,135
Mataram,Yayle Exypnost 120 ml,40,18,18,8,84
Mataram,Yayle Exypnost 200 ml,35,18,10,10,73
Medan,Yayle Exypnost 200 ml,450,230,174,129,983
Medan,Yayle Exypnost 120 ml,415,235,176,112,938
Melaka,Yayle Exypnost 200 ml,2,0,0,0,2
Melawi,Yayle Exypnost 120 ml,39,29,12,12,92
Melawi,Yayle Exypnost 200 ml,28,18,12,4,62
Mempawah,Yayle Exypnost 120 ml,68,24,12,21,125
Mempawah,Yayle Exypnost 200 ml,53,21,8,16,98
Mentawai Islands,Yayle Exypnost 120 ml,0,1,0,0,1
Mentawai Islands,Yayle Exypnost 200 ml,0,0,1,0,1
Merangin,Yayle Exypnost 120 ml,88,67,35,34,224
Merangin,Yayle Exypnost 200 ml,98,23,24,21,166
Meranti Islands,Yayle Exypnost 120 ml,2,0,0,0,2
Merauke,Yayle Exypnost 120 ml,14,8,5,6,33
Merauke,Yayle Exypnost 200 ml,15,6,4,1,26
Mesuji,Yayle Exypnost 200 ml,27,23,5,8,63
Mesuji,Yayle Exypnost 120 ml,25,9,14,6,54
Metro,Yayle Exypnost 120 ml,25,9,2,2,38
Metro,Yayle Exypnost 200 ml,15,1,1,4,21
Mimika,Yayle Exypnost 120 ml,13,15,11,3,42
Mimika,Yayle Exypnost 200 ml,8,6,2,0,16
Minahasa,Yayle Exypnost 120 ml,12,17,8,6,43
Minahasa,Yayle Exypnost 200 ml,5,2,5,0,12
Minahasa Selatan,Yayle Exypnost 120 ml,17,11,8,3,39
Minahasa Selatan,Yayle Exypnost 200 ml,15,5,1,5,26
Minahasa Tenggara,Yayle Exypnost 200 ml,13,6,3,4,26
Minahasa Tenggara,Yayle Exypnost 120 ml,10,10,3,2,25
Minahasa Utara,Yayle Exypnost 120 ml,12,13,16,8,49
Minahasa Utara,Yayle Exypnost 200 ml,12,6,6,0,24
Mojokerto,Yayle Exypnost 120 ml,349,173,160,95,777
Mojokerto,Yayle Exypnost 200 ml,150,92,50,49,341
Morowali,Yayle Exypnost 120 ml,88,45,34,39,206
Morowali,Yayle Exypnost 200 ml,120,37,27,11,195
Morowali Utara,Yayle Exypnost 120 ml,32,23,5,5,65
Morowali Utara,Yayle Exypnost 200 ml,34,11,4,4,53
Mount Kerinci,Yayle Exypnost 120 ml,6,2,0,2,10
Mount Kerinci,Yayle Exypnost 200 ml,6,2,0,0,8
Muara Enim,Yayle Exypnost 120 ml,117,71,51,36,275
Muara Enim,Yayle Exypnost 200 ml,134,39,18,31,222
Muaro Jambi,Yayle Exypnost 120 ml,131,62,37,39,269
Muaro Jambi,Yayle Exypnost 200 ml,102,38,5,31,176
Muko Muko,Yayle Exypnost 120 ml,27,25,13,4,69
Muko Muko,Yayle Exypnost 200 ml,19,6,1,2,28
Mukomuko,Yayle Exypnost 120 ml,46,33,12,10,101
Mukomuko,Yayle Exypnost 200 ml,46,20,3,8,77
Muna,Yayle Exypnost 200 ml,13,6,6,8,33
Muna,Yayle Exypnost 120 ml,8,2,6,6,22
Muna Barat,Yayle Exypnost 200 ml,15,13,2,2,32
Muna Barat,Yayle Exypnost 120 ml,9,4,3,2,18
Murung Raya,Yayle Exypnost 120 ml,39,23,15,6,83
Murung Raya,Yayle Exypnost 200 ml,33,23,10,8,74
Musi Banyuasin,Yayle Exypnost 120 ml,280,140,106,63,589
Musi Banyuasin,Yayle Exypnost 200 ml,226,90,70,61,447
Musi Rawas,Yayle Exypnost 120 ml,60,24,16,15,115
Musi Rawas,Yayle Exypnost 200 ml,57,7,2,3,69
Musi Rawas Utara,Yayle Exypnost 120 ml,31,14,14,16,75
Musi Rawas Utara,Yayle Exypnost 200 ml,39,11,8,6,64
Nabire,Yayle Exypnost 120 ml,0,0,0,2,2
Nabire,Yayle Exypnost 200 ml,0,0,2,0,2
Nagan Raya,Yayle Exypnost 120 ml,67,65,42,54,228
Nagan Raya,Yayle Exypnost 200 ml,81,59,29,52,221
Nagekeo,Yayle Exypnost 120 ml,0,7,0,0,7
Nagekeo,Yayle Exypnost 200 ml,0,3,2,0,5
Natuna,Yayle Exypnost 120 ml,11,6,10,7,34
Natuna,Yayle Exypnost 200 ml,11,5,2,4,22
Ngada,Yayle Exypnost 120 ml,5,2,3,2,12
Ngada,Yayle Exypnost 200 ml,1,0,1,0,2
Nganjuk,Yayle Exypnost 120 ml,235,92,99,70,496
Nganjuk,Yayle Exypnost 200 ml,122,42,43,40,247
Ngawi,Yayle Exypnost 120 ml,188,72,46,37,343
Ngawi,Yayle Exypnost 200 ml,76,48,35,30,189
Nias,Yayle Exypnost 120 ml,1,5,0,0,6
Nias,Yayle Exypnost 200 ml,2,4,0,0,6
Nias Barat,Yayle Exypnost 200 ml,4,2,2,1,9
Nias Barat,Yayle Exypnost 120 ml,4,0,0,4,8
Nias Selatan,Yayle Exypnost 200 ml,11,15,6,6,38
Nias Selatan,Yayle Exypnost 120 ml,5,6,10,5,26
Nias Utara,Yayle Exypnost 120 ml,6,1,5,3,15
Nias Utara,Yayle Exypnost 200 ml,1,0,0,0,1
Nunukan,Yayle Exypnost 200 ml,115,64,42,24,245
Nunukan,Yayle Exypnost 120 ml,65,57,27,28,177
Ogan Ilir,Yayle Exypnost 120 ml,62,9,11,10,92
Ogan Ilir,Yayle Exypnost 200 ml,18,12,3,6,39
Ogan Komering Ilir,Yayle Exypnost 120 ml,165,83,59,23,330
Ogan Komering Ilir,Yayle Exypnost 200 ml,106,39,26,27,198
Ogan Komering Ulu,Yayle Exypnost 120 ml,57,30,26,21,134
Ogan Komering Ulu,Yayle Exypnost 200 ml,44,11,23,4,82
Ogan Komering Ulu Selatan,Yayle Exypnost 120 ml,70,34,25,8,137
Ogan Komering Ulu Selatan,Yayle Exypnost 200 ml,58,13,8,5,84
Ogan Komering Ulu Timur,Yayle Exypnost 120 ml,110,58,32,29,229
Ogan Komering Ulu Timur,Yayle Exypnost 200 ml,70,30,26,14,140
Pacitan,Yayle Exypnost 120 ml,110,39,19,25,193
Pacitan,Yayle Exypnost 200 ml,37,26,15,16,94
Padang,Yayle Exypnost 120 ml,199,101,67,55,422
Padang,Yayle Exypnost 200 ml,204,100,45,53,402
Padang Lawas,Yayle Exypnost 200 ml,82,27,27,12,148
Padang Lawas,Yayle Exypnost 120 ml,65,31,26,17,139
Padang Lawas Utara,Yayle Exypnost 120 ml,28,35,13,8,84
Padang Lawas Utara,Yayle Exypnost 200 ml,26,11,7,9,53
Padang Panjang,Yayle Exypnost 120 ml,5,2,7,2,16
Padang Panjang,Yayle Exypnost 200 ml,5,2,0,4,11
Padang Pariaman,Yayle Exypnost 120 ml,91,41,30,15,177
Padang Pariaman,Yayle Exypnost 200 ml,76,33,20,18,147
Padang Sidempuan,Yayle Exypnost 120 ml,5,5,0,0,10
Padang Sidempuan,Yayle Exypnost 200 ml,4,1,2,0,7
Padang Sidimpuan,Yayle Exypnost 120 ml,18,11,19,15,63
Padang Sidimpuan,Yayle Exypnost 200 ml,24,7,5,3,39
Pagar Alam,Yayle Exypnost 120 ml,13,13,2,4,32
Pagar Alam,Yayle Exypnost 200 ml,14,3,1,1,19
Pahuwato,Yayle Exypnost 120 ml,19,17,11,17,64
Pahuwato,Yayle Exypnost 200 ml,37,8,2,3,50
Pakpak Bharat,Yayle Exypnost 120 ml,3,4,2,4,13
Pakpak Bharat,Yayle Exypnost 200 ml,3,5,4,0,12
Palangkaraya,Yayle Exypnost 120 ml,95,65,42,18,220
Palangkaraya,Yayle Exypnost 200 ml,104,44,29,15,192
Palembang,Yayle Exypnost 120 ml,373,226,123,97,819
Palembang,Yayle Exypnost 200 ml,354,145,87,73,659
Palopo,Yayle Exypnost 120 ml,35,11,3,3,52
Palopo,Yayle Exypnost 200 ml,32,3,4,5,44
Palu,Yayle Exypnost 120 ml,37,18,21,11,87
Palu,Yayle Exypnost 200 ml,50,16,11,6,83
Pamekasan,Yayle Exypnost 120 ml,261,111,78,74,524
Pamekasan,Yayle Exypnost 200 ml,152,88,50,36,326
Pandeglang,Yayle Exypnost 120 ml,349,137,103,101,690
Pandeglang,Yayle Exypnost 200 ml,150,67,65,41,323
Pangandaran,Yayle Exypnost 120 ml,112,45,31,17,205
Pangandaran,Yayle Exypnost 200 ml,31,13,9,9,62
Pangkajene Dan Kepulauan,Yayle Exypnost 120 ml,31,14,7,5,57
Pangkajene Dan Kepulauan,Yayle Exypnost 200 ml,31,9,5,7,52
Pangkajene Kepulauan,Yayle Exypnost 200 ml,20,13,9,5,47
Pangkajene Kepulauan,Yayle Exypnost 120 ml,19,7,7,0,33
Pangkal Pinang,Yayle Exypnost 200 ml,37,9,13,3,62
Pangkal Pinang,Yayle Exypnost 120 ml,18,11,11,8,48
Pangkalpinang,Yayle Exypnost 120 ml,38,19,14,11,82
Pangkalpinang,Yayle Exypnost 200 ml,30,18,5,7,60
Paniai,Yayle Exypnost 120 ml,2,0,0,0,2
Paniai,Yayle Exypnost 200 ml,0,0,0,2,2
Pare Pare,Yayle Exypnost 200 ml,22,11,1,0,34
Pare Pare,Yayle Exypnost 120 ml,12,8,7,2,29
Parepare,Yayle Exypnost 200 ml,23,3,1,0,27
Parepare,Yayle Exypnost 120 ml,13,3,3,3,22
Pariaman,Yayle Exypnost 120 ml,17,8,3,0,28
Pariaman,Yayle Exypnost 200 ml,5,2,2,4,13
Parigi Moutong,Yayle Exypnost 120 ml,56,24,22,19,121
Parigi Moutong,Yayle Exypnost 200 ml,56,24,7,28,115
Pasaman,Yayle Exypnost 120 ml,16,16,9,13,54
Pasaman,Yayle Exypnost 200 ml,25,5,8,5,43
Pasaman Barat,Yayle Exypnost 120 ml,66,50,60,44,220
Pasaman Barat,Yayle Exypnost 200 ml,81,38,32,36,187
Pasangkayu,Yayle Exypnost 120 ml,25,25,22,6,78
Pasangkayu,Yayle Exypnost 200 ml,22,13,5,4,44
Paser,Yayle Exypnost 200 ml,94,22,24,7,147
Paser,Yayle Exypnost 120 ml,53,21,30,14,118
Pasuruan,Yayle Exypnost 120 ml,429,200,137,118,884
Pasuruan,Yayle Exypnost 200 ml,193,86,48,51,378
Pati,Yayle Exypnost 120 ml,441,265,169,115,990
Pati,Yayle Exypnost 200 ml,189,97,53,67,406
Payakumbuh,Yayle Exypnost 120 ml,8,6,9,7,30
Payakumbuh,Yayle Exypnost 200 ml,3,2,3,2,10
Pegunungan Bintang,Yayle Exypnost 200 ml,2,0,0,0,2
Pekalongan,Yayle Exypnost 120 ml,181,103,68,54,406
Pekalongan,Yayle Exypnost 200 ml,56,46,25,24,151
Pekanbaru,Yayle Exypnost 200 ml,310,131,84,83,608
Pekanbaru,Yayle Exypnost 120 ml,279,156,98,59,592
Pelalawan,Yayle Exypnost 120 ml,171,103,79,32,385
Pelalawan,Yayle Exypnost 200 ml,130,44,43,42,259
Pemalang,Yayle Exypnost 120 ml,351,231,178,139,899
Pemalang,Yayle Exypnost 200 ml,159,92,70,67,388
Pematang Siantar,Yayle Exypnost 120 ml,6,0,0,0,6
Pematang Siantar,Yayle Exypnost 200 ml,4,0,2,0,6
Pematangsiantar,Yayle Exypnost 200 ml,25,5,7,6,43
Pematangsiantar,Yayle Exypnost 120 ml,10,6,4,7,27
Penajam Paser Utara,Yayle Exypnost 200 ml,44,15,1,9,69
Penajam Paser Utara,Yayle Exypnost 120 ml,31,14,3,3,51
Penukal Abab Lematang Ilir,Yayle Exypnost 120 ml,21,4,14,6,45
Penukal Abab Lematang Ilir,Yayle Exypnost 200 ml,17,8,2,11,38
Pesawaran,Yayle Exypnost 120 ml,59,32,25,16,132
Pesawaran,Yayle Exypnost 200 ml,47,12,25,16,100
Pesisir Barat,Yayle Exypnost 120 ml,21,6,19,7,53
Pesisir Barat,Yayle Exypnost 200 ml,17,6,2,3,28
Pesisir Selatan,Yayle Exypnost 120 ml,73,53,29,43,198
Pesisir Selatan,Yayle Exypnost 200 ml,70,33,23,36,162
Pidie,Yayle Exypnost 120 ml,140,89,52,58,339
Pidie,Yayle Exypnost 200 ml,141,33,43,48,265
Pidie Jaya,Yayle Exypnost 120 ml,46,45,27,24,142
Pidie Jaya,Yayle Exypnost 200 ml,54,23,19,36,132
Pinrang,Yayle Exypnost 120 ml,68,29,26,24,147
Pinrang,Yayle Exypnost 200 ml,67,37,23,15,142
Pohuwato,Yayle Exypnost 200 ml,19,2,4,1,26
Pohuwato,Yayle Exypnost 120 ml,13,9,1,2,25
Polewali Mandar,Yayle Exypnost 120 ml,58,30,25,21,134
Polewali Mandar,Yayle Exypnost 200 ml,48,22,14,11,95
Ponorogo,Yayle Exypnost 120 ml,151,58,61,36,306
Ponorogo,Yayle Exypnost 200 ml,61,38,29,24,152
Pontianak,Yayle Exypnost 200 ml,160,60,48,32,300
Pontianak,Yayle Exypnost 120 ml,136,93,30,18,277
Poso,Yayle Exypnost 120 ml,25,15,12,5,57
Poso,Yayle Exypnost 200 ml,30,6,3,11,50
Prabumulih,Yayle Exypnost 120 ml,30,18,7,10,65
Prabumulih,Yayle Exypnost 200 ml,32,6,11,7,56
Pringsewu,Yayle Exypnost 120 ml,49,27,6,14,96
Pringsewu,Yayle Exypnost 200 ml,43,8,9,13,73
Probolinggo,Yayle Exypnost 120 ml,260,103,66,52,481
Probolinggo,Yayle Exypnost 200 ml,151,50,34,36,271
Pulang Pisau,Yayle Exypnost 120 ml,20,11,9,9,49
Pulang Pisau,Yayle Exypnost 200 ml,21,17,6,3,47
Pulau Alor,Yayle Exypnost 120 ml,0,1,3,0,4
Pulau Alor,Yayle Exypnost 200 ml,1,0,0,2,3
Pulau Bangka,Yayle Exypnost 120 ml,31,14,10,5,60
Pulau Bangka,Yayle Exypnost 200 ml,31,11,7,6,55
Pulau Belitung,Yayle Exypnost 120 ml,23,10,6,1,40
Pulau Belitung,Yayle Exypnost 200 ml,13,3,6,2,24
Pulau Bintan,Yayle Exypnost 200 ml,5,12,0,2,19
Pulau Bintan,Yayle Exypnost 120 ml,10,3,0,0,13
Pulau Buton,Yayle Exypnost 120 ml,4,2,2,1,9
Pulau Buton,Yayle Exypnost 200 ml,0,0,0,3,3
Pulau Karimunbesar,Yayle Exypnost 200 ml,20,5,0,0,25
Pulau Karimunbesar,Yayle Exypnost 120 ml,8,4,3,0,15
Pulau Morotai,Yayle Exypnost 120 ml,0,3,5,0,8
Pulau Muna,Yayle Exypnost 120 ml,5,0,4,1,10
Pulau Muna,Yayle Exypnost 200 ml,6,0,1,0,7
Pulau Nias,Yayle Exypnost 120 ml,2,0,0,0,2
Pulau Nias,Yayle Exypnost 200 ml,1,0,0,0,1
Pulau Selayar,Yayle Exypnost 120 ml,8,2,0,0,10
Pulau Selayar,Yayle Exypnost 200 ml,5,0,0,0,5
Pulau Sumbawa,Yayle Exypnost 200 ml,29,8,5,6,48
Pulau Sumbawa,Yayle Exypnost 120 ml,16,7,5,3,31
Pulau Taliabu,Yayle Exypnost 120 ml,0,0,1,2,3
Pulau Tidore,Yayle Exypnost 200 ml,0,0,2,0,2
Puncak Jaya,Yayle Exypnost 120 ml,0,2,0,3,5
Puncak Jaya,Yayle Exypnost 200 ml,2,0,0,0,2
Purbalingga,Yayle Exypnost 120 ml,262,116,80,74,532
Purbalingga,Yayle Exypnost 200 ml,109,42,45,25,221
Purwakarta,Yayle Exypnost 120 ml,408,188,137,113,846
Purwakarta,Yayle Exypnost 200 ml,178,91,59,63,391
Purworejo,Yayle Exypnost 120 ml,111,56,63,28,258
Purworejo,Yayle Exypnost 200 ml,51,25,15,14,105
Raja Ampat,Yayle Exypnost 200 ml,4,0,0,2,6
Raja Ampat,Yayle Exypnost 120 ml,0,2,1,1,4
Rejang Lebong,Yayle Exypnost 120 ml,42,9,12,14,77
Rejang Lebong,Yayle Exypnost 200 ml,27,8,5,8,48
Rembang,Yayle Exypnost 120 ml,170,88,92,64,414
Rembang,Yayle Exypnost 200 ml,51,37,25,20,133
Rokan Hilir,Yayle Exypnost 120 ml,205,142,99,102,548
Rokan Hilir,Yayle Exypnost 200 ml,215,62,46,61,384
Rokan Hulu,Yayle Exypnost 120 ml,295,152,128,103,678
Rokan Hulu,Yayle Exypnost 200 ml,320,76,69,73,538
Rote Ndao,Yayle Exypnost 120 ml,4,1,9,0,14
Rote Ndao,Yayle Exypnost 200 ml,2,7,0,0,9
Sabang,Yayle Exypnost 120 ml,23,16,8,9,56
Sabang,Yayle Exypnost 200 ml,12,9,11,2,34
Sabu Raijua,Yayle Exypnost 120 ml,0,3,5,1,9
Salatiga,Yayle Exypnost 120 ml,13,9,9,7,38
Salatiga,Yayle Exypnost 200 ml,6,7,3,2,18
Samarinda,Yayle Exypnost 200 ml,113,29,28,24,194
Samarinda,Yayle Exypnost 120 ml,71,29,21,13,134
Sambas,Yayle Exypnost 120 ml,69,51,36,21,177
Sambas,Yayle Exypnost 200 ml,86,25,16,15,142
Samosir,Yayle Exypnost 120 ml,12,17,44,2,75
Samosir,Yayle Exypnost 200 ml,17,11,11,2,41
Sampang,Yayle Exypnost 120 ml,203,108,76,65,452
Sampang,Yayle Exypnost 200 ml,128,54,49,46,277
Sanggau,Yayle Exypnost 120 ml,102,61,49,43,255
Sanggau,Yayle Exypnost 200 ml,106,30,23,24,183
Sarmi,Yayle Exypnost 120 ml,6,0,1,2,9
Sarmi,Yayle Exypnost 200 ml,4,2,2,0,8
Sarolangun,Yayle Exypnost 120 ml,64,46,32,22,164
Sarolangun,Yayle Exypnost 200 ml,65,24,12,17,118
Sawahlunto,Yayle Exypnost 200 ml,6,1,0,0,7
Sawahlunto,Yayle Exypnost 120 ml,3,1,1,0,5
Sekadau,Yayle Exypnost 120 ml,56,31,22,10,119
Sekadau,Yayle Exypnost 200 ml,62,16,15,6,99
Selayar Island,Yayle Exypnost 120 ml,0,1,0,0,1
Seluma,Yayle Exypnost 120 ml,22,7,3,5,37
Seluma,Yayle Exypnost 200 ml,11,7,2,3,23
Semarang,Yayle Exypnost 120 ml,233,132,81,73,519
Semarang,Yayle Exypnost 200 ml,99,58,57,35,249
Seram Bagian Barat,Yayle Exypnost 200 ml,2,0,0,6,8
Seram Bagian Barat,Yayle Exypnost 120 ml,2,1,4,0,7
Seram Bagian Timur,Yayle Exypnost 120 ml,8,0,0,0,8
Seram Bagian Timur,Yayle Exypnost 200 ml,2,0,0,0,2
Serang,Yayle Exypnost 120 ml,615,317,199,196,1327
Serang,Yayle Exypnost 200 ml,272,186,121,79,658
Serdang Bedagai,Yayle Exypnost 120 ml,95,78,76,45,294
Serdang Bedagai,Yayle Exypnost 200 ml,78,29,21,29,157
Seruyan,Yayle Exypnost 200 ml,55,15,20,13,103
Seruyan,Yayle Exypnost 120 ml,49,15,24,9,97
Siak,Yayle Exypnost 120 ml,201,117,74,65,457
Siak,Yayle Exypnost 200 ml,160,52,30,44,286
Siau Tagulandang Biaro,Yayle Exypnost 120 ml,2,2,0,0,4
Siau Tagulandang Biaro,Yayle Exypnost 200 ml,1,0,0,0,1
Sibolga,Yayle Exypnost 200 ml,19,7,3,2,31
Sibolga,Yayle Exypnost 120 ml,8,12,5,4,29
Sidenreng Rappang,Yayle Exypnost 200 ml,131,38,25,24,218
Sidenreng Rappang,Yayle Exypnost 120 ml,82,46,30,16,174
Sidoarjo,Yayle Exypnost 120 ml,753,362,261,236,1612
Sidoarjo,Yayle Exypnost 200 ml,351,228,134,104,817
Sigi,Yayle Exypnost 120 ml,14,7,2,4,27
Sigi,Yayle Exypnost 200 ml,10,6,0,2,18
Sijunjung,Yayle Exypnost 120 ml,37,31,15,8,91
Sijunjung,Yayle Exypnost 200 ml,38,17,9,11,75
Sikka,Yayle Exypnost 120 ml,4,4,9,2,19
Sikka,Yayle Exypnost 200 ml,5,0,0,4,9
Simalungun,Yayle Exypnost 120 ml,133,69,55,39,296
Simalungun,Yayle Exypnost 200 ml,110,40,15,30,195
Simeulue,Yayle Exypnost 200 ml,29,0,3,11,43
Simeulue,Yayle Exypnost 120 ml,5,8,8,6,27
Singkawang,Yayle Exypnost 120 ml,38,11,8,2,59
Singkawang,Yayle Exypnost 200 ml,32,5,4,5,46
Sinjai,Yayle Exypnost 120 ml,20,22,12,8,62
Sinjai,Yayle Exypnost 200 ml,25,3,5,1,34
Sintang,Yayle Exypnost 120 ml,137,96,71,42,346
Sintang,Yayle Exypnost 200 ml,165,55,47,28,295
Situbondo,Yayle Exypnost 120 ml,172,70,53,38,333
Situbondo,Yayle Exypnost 200 ml,64,30,17,33,144
Sleman,Yayle Exypnost 120 ml,152,91,75,144,462
Sleman,Yayle Exypnost 200 ml,102,52,33,43,230
Solok,Yayle Exypnost 120 ml,72,49,26,32,179
Solok,Yayle Exypnost 200 ml,64,24,9,10,107
Solok Selatan,Yayle Exypnost 120 ml,37,20,13,8,78
Solok Selatan,Yayle Exypnost 200 ml,36,21,3,13,73
Soppeng,Yayle Exypnost 200 ml,55,15,16,8,94
Soppeng,Yayle Exypnost 120 ml,30,21,21,18,90
Sorong,Yayle Exypnost 120 ml,5,5,3,0,13
Sorong,Yayle Exypnost 200 ml,4,0,0,2,6
Sragen,Yayle Exypnost 120 ml,195,106,79,65,445
Sragen,Yayle Exypnost 200 ml,82,42,35,37,196
Subang,Yayle Exypnost 120 ml,624,247,202,169,1242
Subang,Yayle Exypnost 200 ml,261,130,87,66,544
Subulussalam,Yayle Exypnost 120 ml,10,2,2,2,16
Subulussalam,Yayle Exypnost 200 ml,2,2,2,3,9
Sukabumi,Yayle Exypnost 120 ml,809,283,221,176,1489
Sukabumi,Yayle Exypnost 200 ml,315,199,115,77,706
Sukamara,Yayle Exypnost 120 ml,46,26,11,3,86
Sukamara,Yayle Exypnost 200 ml,37,26,11,7,81
Sukoharjo,Yayle Exypnost 120 ml,180,86,49,60,375
Sukoharjo,Yayle Exypnost 200 ml,68,32,42,22,164
Sumba Barat,Yayle Exypnost 120 ml,2,2,0,0,4
Sumba Barat,Yayle Exypnost 200 ml,0,0,1,2,3
Sumba Barat Daya,Yayle Exypnost 120 ml,2,6,0,1,9
Sumba Barat Daya,Yayle Exypnost 200 ml,3,2,0,0,5
Sumba Timur,Yayle Exypnost 120 ml,13,0,5,4,22
Sumba Timur,Yayle Exypnost 200 ml,9,2,1,0,12
Sumbawa,Yayle Exypnost 120 ml,80,49,24,14,167
Sumbawa,Yayle Exypnost 200 ml,46,26,26,19,117
Sumbawa Barat,Yayle Exypnost 120 ml,45,12,13,8,78
Sumbawa Barat,Yayle Exypnost 200 ml,28,14,17,9,68
Sumedang,Yayle Exypnost 120 ml,283,96,103,79,561
Sumedang,Yayle Exypnost 200 ml,109,59,37,29,234
Sumenep,Yayle Exypnost 120 ml,282,112,82,71,547
Sumenep,Yayle Exypnost 200 ml,163,76,45,31,315
Sungai Kapuas,Yayle Exypnost 200 ml,5,8,3,3,19
Sungai Kapuas,Yayle Exypnost 120 ml,4,5,0,0,9
Sungai Penuh,Yayle Exypnost 120 ml,3,3,6,2,14
Sungai Penuh,Yayle Exypnost 200 ml,9,1,3,0,13
Supiori,Yayle Exypnost 200 ml,2,0,0,0,2
Surabaya,Yayle Exypnost 120 ml,494,285,178,160,1117
Surabaya,Yayle Exypnost 200 ml,325,135,115,95,670
Surakarta,Yayle Exypnost 120 ml,34,20,14,14,82
Surakarta,Yayle Exypnost 200 ml,16,3,6,1,26
Tabalong,Yayle Exypnost 120 ml,56,24,9,8,97
Tabalong,Yayle Exypnost 200 ml,53,15,12,12,92
Tabanan,Yayle Exypnost 120 ml,82,37,33,29,181
Tabanan,Yayle Exypnost 200 ml,50,16,17,21,104
Takalar,Yayle Exypnost 120 ml,31,22,23,11,87
Takalar,Yayle Exypnost 200 ml,38,6,7,10,61
Tana Tidung,Yayle Exypnost 200 ml,13,8,5,8,34
Tana Tidung,Yayle Exypnost 120 ml,7,4,5,3,19
Tana Toraja,Yayle Exypnost 200 ml,18,2,6,4,30
Tana Toraja,Yayle Exypnost 120 ml,13,4,3,5,25
Tanah Bumbu,Yayle Exypnost 120 ml,130,56,48,28,262
Tanah Bumbu,Yayle Exypnost 200 ml,111,51,36,24,222
Tanah Datar,Yayle Exypnost 200 ml,55,38,18,21,132
Tanah Datar,Yayle Exypnost 120 ml,52,21,19,18,110
Tanah Laut,Yayle Exypnost 120 ml,83,25,17,22,147
Tanah Laut,Yayle Exypnost 200 ml,100,22,16,8,146
Tangerang,Yayle Exypnost 120 ml,1793,981,674,589,4037
Tangerang,Yayle Exypnost 200 ml,727,480,384,256,1847
Tangerang Selatan,Yayle Exypnost 120 ml,168,95,62,61,386
Tangerang Selatan,Yayle Exypnost 200 ml,67,50,22,24,163
Tanggamus,Yayle Exypnost 120 ml,75,43,18,18,154
Tanggamus,Yayle Exypnost 200 ml,60,22,15,9,106
Tanjung Balai,Yayle Exypnost 200 ml,22,8,6,8,44
Tanjung Balai,Yayle Exypnost 120 ml,25,8,3,7,43
Tanjung Jabung Barat,Yayle Exypnost 120 ml,79,43,41,29,192
Tanjung Jabung Barat,Yayle Exypnost 200 ml,75,18,18,24,135
Tanjung Jabung Timur,Yayle Exypnost 120 ml,43,29,15,13,100
Tanjung Jabung Timur,Yayle Exypnost 200 ml,55,20,13,8,96
Tanjung Pinang,Yayle Exypnost 120 ml,1,2,0,1,4
Tanjung Pinang,Yayle Exypnost 200 ml,2,0,0,0,2
Tanjungpinang,Yayle Exypnost 120 ml,43,35,33,13,124
Tanjungpinang,Yayle Exypnost 200 ml,47,45,19,13,124
Tapanuli Selatan,Yayle Exypnost 200 ml,20,10,19,14,63
Tapanuli Selatan,Yayle Exypnost 120 ml,20,23,8,9,60
Tapanuli Tengah,Yayle Exypnost 120 ml,39,33,12,13,97
Tapanuli Tengah,Yayle Exypnost 200 ml,43,13,8,10,74
Tapanuli Utara,Yayle Exypnost 120 ml,28,9,22,10,69
Tapanuli Utara,Yayle Exypnost 200 ml,22,2,10,5,39
Tapin,Yayle Exypnost 120 ml,51,23,13,11,98
Tapin,Yayle Exypnost 200 ml,38,6,3,3,50
Tarakan,Yayle Exypnost 200 ml,54,44,22,21,141
Tarakan,Yayle Exypnost 120 ml,59,20,18,16,113
Tasikmalaya,Yayle Exypnost 120 ml,337,149,94,87,667
Tasikmalaya,Yayle Exypnost 200 ml,140,57,53,35,285
Tebing Tinggi,Yayle Exypnost 120 ml,12,8,7,11,38
Tebing Tinggi,Yayle Exypnost 200 ml,14,4,4,2,24
Tebo,Yayle Exypnost 120 ml,112,53,34,36,235
Tebo,Yayle Exypnost 200 ml,97,25,12,11,145
Tegal,Yayle Exypnost 120 ml,409,209,167,138,923
Tegal,Yayle Exypnost 200 ml,174,92,84,71,421
Teluk Bintuni,Yayle Exypnost 120 ml,0,6,2,3,11
Teluk Bintuni,Yayle Exypnost 200 ml,4,4,0,0,8
Teluk Wondama,Yayle Exypnost 200 ml,2,0,0,0,2
Temanggung,Yayle Exypnost 120 ml,103,55,30,25,213
Temanggung,Yayle Exypnost 200 ml,43,28,19,17,107
Ternate,Yayle Exypnost 200 ml,56,34,19,10,119
Ternate,Yayle Exypnost 120 ml,27,29,10,16,82
Tidore Islands,Yayle Exypnost 200 ml,2,2,0,0,4
Tidore Kepulauan,Yayle Exypnost 120 ml,2,2,0,0,4
Tidore Kepulauan,Yayle Exypnost 200 ml,1,0,2,0,3
Timor Tengah Selatan,Yayle Exypnost 120 ml,9,10,7,1,27
Timor Tengah Selatan,Yayle Exypnost 200 ml,10,3,1,1,15
Timor Tengah Utara,Yayle Exypnost 120 ml,7,2,2,0,11
Timor Tengah Utara,Yayle Exypnost 200 ml,4,2,0,0,6
Toba Samosir,Yayle Exypnost 120 ml,28,19,22,13,82
Toba Samosir,Yayle Exypnost 200 ml,26,5,6,8,45
Tojo Una Una,Yayle Exypnost 120 ml,10,15,9,6,40
Tojo Una Una,Yayle Exypnost 200 ml,24,3,8,4,39
Tojo Unauna,Yayle Exypnost 200 ml,23,6,3,7,39
Tojo Unauna,Yayle Exypnost 120 ml,10,5,0,9,24
Toli Toli,Yayle Exypnost 120 ml,9,12,2,3,26
Toli Toli,Yayle Exypnost 200 ml,8,7,1,4,20
Tolikara,Yayle Exypnost 200 ml,2,0,3,0,5
Tolikara,Yayle Exypnost 120 ml,1,0,0,0,1
Tolitoli,Yayle Exypnost 200 ml,11,3,6,3,23
Tolitoli,Yayle Exypnost 120 ml,9,6,2,4,21
Tomohon,Yayle Exypnost 200 ml,3,8,0,0,11
Tomohon,Yayle Exypnost 120 ml,2,1,2,0,5
Toraja Utara,Yayle Exypnost 200 ml,36,10,1,5,52
Toraja Utara,Yayle Exypnost 120 ml,15,12,5,4,36
Trenggalek,Yayle Exypnost 120 ml,182,88,53,55,378
Trenggalek,Yayle Exypnost 200 ml,48,51,20,20,139
Tual,Yayle Exypnost 200 ml,2,0,0,0,2
Tuban,Yayle Exypnost 120 ml,314,154,124,74,666
Tuban,Yayle Exypnost 200 ml,126,73,50,42,291
Tulang Bawang,Yayle Exypnost 120 ml,33,30,27,10,100
Tulang Bawang,Yayle Exypnost 200 ml,43,10,11,14,78
Tulang Bawang Barat,Yayle Exypnost 120 ml,26,15,10,12,63
Tulang Bawang Barat,Yayle Exypnost 200 ml,33,5,2,1,41
Tulangbawang,Yayle Exypnost 120 ml,21,8,7,4,40
Tulangbawang,Yayle Exypnost 200 ml,15,1,2,5,23
Tulungagung,Yayle Exypnost 120 ml,208,106,94,71,479
Tulungagung,Yayle Exypnost 200 ml,121,59,55,35,270
Wajo,Yayle Exypnost 120 ml,56,29,22,12,119
Wajo,Yayle Exypnost 200 ml,69,21,10,11,111
Wakatobi,Yayle Exypnost 120 ml,8,14,16,7,45
Wakatobi,Yayle Exypnost 200 ml,19,3,0,2,24
Waropen,Yayle Exypnost 120 ml,0,3,0,0,3
Way Kanan,Yayle Exypnost 120 ml,66,34,21,27,148
Way Kanan,Yayle Exypnost 200 ml,41,21,19,8,89
Wonogiri,Yayle Exypnost 120 ml,184,104,84,60,432
Wonogiri,Yayle Exypnost 200 ml,48,41,37,30,156
Wonosobo,Yayle Exypnost 120 ml,118,48,56,40,262
Wonosobo,Yayle Exypnost 200 ml,54,36,20,21,131
Yahukimo,Yayle Exypnost 200 ml,0,2,0,0,2
Yahukimo,Yayle Exypnost 120 ml,0,1,0,0,1
Yogyakarta,Yayle Exypnost 120 ml,18,13,6,8,45
Yogyakarta,Yayle Exypnost 200 ml,16,8,4,3,31
